x;y
20.3211;18.4679
20.3207;18.4564
20.2964;18.5008
20.0326;18.7529
19.0004;19.8554
18.919;19.9217
18.7075;20.1659
18.5674;20.2974
16.9797;22.0054
16.8082;22.1711
14.6188;24.5435
14.5216;24.6325
14.3832;24.7991
14.3588;24.8103
14.2197;24.976
13.633;25.5963
13.0462;26.2498
12.9645;26.3162
12.8992;26.4046
12.8008;26.4925
12.7355;26.5812
12.7111;26.5923
12.2376;27.1224
12.2134;27.1338
12.0087;27.3767
11.9841;27.3876
11.8292;27.5765
11.6656;27.7418
11.6009;27.8302
10.4562;29.0899
9.89225;29.7413
9.55604;30.094
8.95017;30.7897
8.72069;31.0322
8.64744;31.1321
8.19719;31.6286
8.16516;31.6844
7.55227;32.3925
5.73373;34.4739
5.1814;35.1295
4.92075;35.4068
3.83545;36.6807
3.55986;37.0247
3.22499;37.39
2.23501;38.5742
1.39385;39.5368
1.02721;39.9696
0.994978;40.0251
0.765053;40.278
-0.320155;41.5643
-1.46853;42.9835
-1.86665;43.4412
-1.94021;43.548
-2.56657;44.257
-3.09611;44.7547
-3.52955;45.1058
-3.96963;45.402
-4.30827;45.5924
-4.42194;45.6343
-4.85706;45.8497
-4.9444;45.8734
-5.25047;46.0093
-5.73362;46.1605
-5.78546;46.1888
-6.41668;46.3284
-6.84728;46.3756
-7.52196;46.3883
-7.85891;46.3752
-8.523;46.3018
-8.78035;46.2533
-8.83282;46.2256
-9.102;46.1618
-9.15455;46.1313
-9.3718;46.0803
-10.0038;45.853
-10.4116;45.6804
-11.1519;45.3009
-11.1787;45.2715
-11.6137;45.0228
-12.2838;44.5936
-12.318;44.585
-12.9824;44.1277
-13.1259;44.0463
-14.7136;42.8949
-15.7303;42.1128
-15.9506;41.926
-16.279;41.6856
-17.8014;40.4547
-18.9484;39.5661
-19.0389;39.479
-19.9368;38.7634
-20.6989;38.182
-22.6004;36.6289
-24.6154;34.9008
-24.7203;34.7893
-25.1041;34.4577
-25.8252;33.8628
-27.2641;32.6025
-27.7295;32.2156
-27.8436;32.1041
-27.9909;31.994
-28.0974;31.8837
-28.6891;31.3821
-29.707;30.4542
-30.1315;30.0153
-30.5036;29.574
-30.81;29.1665
-31.1091;28.6784
-31.4256;28.0289
-31.5886;27.5883
-31.7469;27.0553
-31.8634;26.4676
-31.9282;25.675
-31.9358;25.3874
-31.9214;24.9066
-31.8597;24.3061
-31.7945;23.862
-31.714;23.4264
-31.5829;22.8842
-31.3201;21.9673
-31.0528;21.2653
-30.4908;20.0363
-30.4045;19.8982
-29.9215;18.9492
-29.8769;18.9144
-29.7079;18.6849
-29.346;18.0782
-28.7775;17.2409
-28.4529;16.7313
-28.4314;16.6747
-28.311;16.5323
-26.4403;13.6791
-25.2704;11.9881
-24.924;11.5244
-24.6818;11.2301
-24.3746;10.8965
-24.2198;10.7554
-24.2085;10.728
-23.7431;10.3237
-23.2687;10.0019
-23.1046;9.91869
-22.975;9.83167
-22.5784;9.63633
-22.0409;9.42918
-21.5444;9.2823
-21.4697;9.27815
-21.3639;9.24535
-21.2041;9.22866
-21.0743;9.19614
-20.9663;9.1947
-20.638;9.14852
-19.9152;9.11387
-19.1817;9.16679
-18.68;9.25998
-18.0953;9.41649
-17.5393;9.6258
-17.0667;9.85193
-17.0473;9.8792
-16.8713;9.96277
-16.7513;10.0488
-16.6507;10.0966
-16.0158;10.5162
-15.3255;11.0179
-14.4839;11.6877
-13.7809;12.2754
-13.5877;12.4575
-13.0337;12.9271
-12.2824;13.6199
-11.5207;14.282
-11.1533;14.5742
-10.7831;14.8355
-10.1778;15.2099
-9.85734;15.3752
-9.73394;15.4179
-9.52516;15.5219
-8.98237;15.722
-8.32059;15.8885
-7.78823;15.9598
-7.36129;15.9859
-6.65146;15.9599
-6.20429;15.8996
-5.86571;15.8277
-5.43839;15.7059
-5.38256;15.6727
-5.20045;15.6201
-4.67935;15.3902
-4.37327;15.229
-4.03674;15.0223
-3.72761;14.8063
-3.38214;14.5335
-3.14577;14.3138
-2.93195;14.0973
-2.69213;13.8218
-2.50124;13.5758
-2.25256;13.2033
-1.95079;12.6364
-1.80342;12.296
-1.68374;11.9581
-1.53208;11.3643
-1.44964;10.8342
-1.4122;10.4013
-1.40934;10.0928
-1.47992;9.26048
-1.53964;8.90676
-1.66054;8.4364
-1.97431;7.60983
-2.23768;7.04558
-2.53273;6.52101
-3.06165;5.76207
-3.49337;5.22555
-3.90097;4.77582
-5.51113;3.14704
-5.72595;2.90528
-5.75084;2.89456
-6.2882;2.33226
-6.94;1.61299
-7.30202;1.1721
-7.68241;0.668549
-7.99873;0.202367
-8.24426;-0.222672
-8.46285;-0.68086
-8.68569;-1.2817
-8.78447;-1.64072
-8.87566;-2.07922
-8.93032;-2.59117
-8.93724;-3.28447
-8.92168;-3.59944
-8.88726;-3.89533
-8.77503;-4.52781
-8.70055;-4.82704
-8.55811;-5.26887
-8.26032;-5.96497
-8.12975;-6.22661
-7.87455;-6.67272
-7.54219;-7.20107
-6.77348;-8.2766
-6.7504;-8.28868
-6.60542;-8.49547
-6.16597;-9.02943
-5.91031;-9.36637
-5.79492;-9.48664
-5.50114;-9.85161
-5.24916;-10.1962
-3.98996;-11.7961
-3.69138;-12.208
-3.46891;-12.4727
-2.98181;-13.1294
-2.5739;-13.6278
-2.12772;-14.2179
-1.88334;-14.5061
-1.8182;-14.6061
-1.37751;-15.1493
-1.31366;-15.2495
-0.824526;-15.8486
-0.467458;-16.3247
0.0376585;-16.9462
0.176151;-17.1456
0.405065;-17.423
1.24918;-18.5322
1.41969;-18.7323
3.36745;-21.2559
4.13053;-22.1684
4.74984;-22.8314
5.52935;-23.5443
6.10457;-23.991
6.84713;-24.4838
6.87716;-24.4878
7.13581;-24.6525
7.16595;-24.6563
7.45348;-24.8285
7.88715;-25.044
8.68137;-25.3879
9.13963;-25.5536
9.23149;-25.5698
9.67086;-25.7182
10.6664;-25.9645
11.8467;-26.1814
12.5765;-26.2818
12.8751;-26.3017
13.3119;-26.3578
14.693;-26.456
14.7254;-26.4471
15.0257;-26.4686
15.2454;-26.4585
15.4237;-26.4737
16.6988;-26.45
17.8416;-26.3867
18.2422;-26.3404
18.4224;-26.3342
19.6797;-26.1609
20.1884;-26.0459
20.2216;-26.0494
21.2206;-25.7948
22.0061;-25.5467
22.6589;-25.3017
23.4371;-24.9665
24.4501;-24.4854
25.2023;-24.0583
25.3153;-24.0151
25.8763;-23.6684
26.6042;-23.1597
27.2265;-22.6848
27.2451;-22.6542
27.4953;-22.4586
27.9283;-22.0845
28.538;-21.4967
29.2481;-20.7419
29.6786;-20.2344
30.0565;-19.7547
30.7436;-18.7795
31.2068;-18.0205
31.6986;-17.1294
32.1261;-16.2391
32.4889;-15.4186
32.9123;-14.2696
33.1924;-13.3524
33.4064;-12.5051
33.5898;-11.6656
33.7241;-10.8661
33.7942;-10.327
33.8649;-9.6095
33.9001;-8.92223
33.9028;-7.86928
33.8761;-7.28824
33.8109;-6.42876
33.6967;-5.47469
33.6377;-5.08078
33.4376;-4.03291
33.0712;-2.5063
32.8228;-1.62068
32.5426;-0.709621
32.3048;-0.0124217
31.8584;1.09839
31.5394;1.79843
30.9594;2.95067
30.5359;3.74481
29.6986;5.2266
29.6598;5.27202
29.1246;6.19782
28.0507;7.91673
27.9246;8.14117
27.3067;9.10621
27.2275;9.25176
25.9266;11.2506
24.4226;13.4379
23.4998;14.6773
23.4767;14.6894
23.3114;14.9106
23.2202;15.0041
22.7005;15.6431